<?xml version="1.0" encoding="UTF-8"?>
<metadata xml:lang="en"><Esri><CreaDate>20161215</CreaDate><CreaTime>16530300</CreaTime><ArcGISFormat>1.0</ArcGISFormat><SyncOnce>TRUE</SyncOnce><DataProperties><itemProps><itemLocation><linkage Sync="TRUE">file://\\Gost-cifs\GOST\AFRICA\MWI\ADMIN\MWI_MzuzuCity</linkage><protocol Sync="TRUE">Local Area Network</protocol></itemLocation></itemProps><copyHistory><copy source="S:\COUNTRY\MWI\Poverty\MWI_MzuzuCity" dest="\\Gost-cifs\GOST\AFRICA\MWI\ADMIN\MWI_MzuzuCity" date="20161215" time="16530300"></copy></copyHistory></DataProperties></Esri></metadata>
